original_image,mask_file,crop_file,x,y,width,height,yolo_confidence,coverage,classifier_confidence,predicted_condition,quality_score,latitude,longitude
1001847281504351.jpg,1001847281504351_0.png,crops/1001847281504351_0.png,1073,1362,96,94,0.892996,0.0024992624918619,0.9991171956062316,good,1.0,27.679803635674,85.399622679694
1001847281504351.jpg,1001847281504351_1.png,crops/1001847281504351_1.png,1058,1205,100,82,0.85905,0.0021305084228515,0.9985262155532836,good,1.0,27.679803635674,85.399622679694
1001847281504351.jpg,1001847281504351_2.png,crops/1001847281504351_2.png,1025,945,87,63,0.832241,0.0015668869018554,0.9993209838867188,good,1.0,27.679803635674,85.399622679694
1001847281504351.jpg,1001847281504351_3.png,crops/1001847281504351_3.png,1039,1069,95,68,0.793916,0.0017455418904622,0.9993979930877686,good,1.0,27.679803635674,85.399622679694
1001847281504351.jpg,1001847281504351_4.png,crops/1001847281504351_4.png,976,621,80,64,0.721341,0.0014006296793619,0.998148798942566,good,1.0,27.679803635674,85.399622679694
1001847281504351.jpg,1001847281504351_5.png,crops/1001847281504351_5.png,990,723,86,65,0.709858,0.0015312830607096,0.9996434450149536,good,1.0,27.679803635674,85.399622679694
1001847281504351.jpg,1001847281504351_6.png,crops/1001847281504351_6.png,1001,831,87,57,0.586259,0.001376469930013,0.9996899366378784,good,1.0,27.679803635674,85.399622679694
1001847281504351.jpg,1001847281504351_7.png,crops/1001847281504351_7.png,972,519,84,65,0.523949,0.0014483133951822,0.9982435703277588,good,1.0,27.679803635674,85.399622679694
1001847281504351.jpg,1001847281504351_8.png,crops/1001847281504351_8.png,971,316,83,72,0.298426,0.0015131632486979,0.9971975088119508,good,1.0,27.679803635674,85.399622679694
1014175896728504.jpg,1014175896728504_0.png,crops/1014175896728504_0.png,1142,1062,150,115,0.986202,0.0047394434611002,0.9989417195320128,good,1.0,27.679760998371,85.399803461225
1014175896728504.jpg,1014175896728504_1.png,crops/1014175896728504_1.png,1160,875,129,100,0.962334,0.0036802291870117,0.9985644221305848,good,1.0,27.679760998371,85.399803461225
1014175896728504.jpg,1014175896728504_2.png,crops/1014175896728504_2.png,1176,741,123,76,0.834469,0.002600351969401,0.9996613264083862,good,1.0,27.679760998371,85.399803461225
1014175896728504.jpg,1014175896728504_3.png,crops/1014175896728504_3.png,1130,1290,159,148,0.721759,0.0068747202555338,0.9964565634727478,good,1.0,27.679760998371,85.399803461225
1014519017216527.jpg,1014519017216527_0.png,crops/1014519017216527_0.png,874,1188,167,104,0.963331,0.0042066574096679,0.998671293258667,good,1.0,27.680606315848,85.395911428863
1014519017216527.jpg,1014519017216527_1.png,crops/1014519017216527_1.png,993,963,158,82,0.950547,0.0031007130940755,0.994397521018982,good,1.0,27.680606315848,85.395911428863
1014519017216527.jpg,1014519017216527_2.png,crops/1014519017216527_2.png,1073,770,122,78,0.844676,0.0025177001953125,0.9987393021583556,good,1.0,27.680606315848,85.395911428863
1014519017216527.jpg,1014519017216527_3.png,crops/1014519017216527_3.png,777,1472,166,63,0.47246,0.0026865005493164,0.981111228466034,good,1.0,27.680606315848,85.395911428863
1014915750619193.jpg,1014915750619193_0.png,crops/1014915750619193_0.png,1197,727,198,111,0.750282,0.005681037902832,0.9966260194778442,good,1.0,27.679352035859,85.401532318316
1014915750619193.jpg,1014915750619193_1.png,crops/1014915750619193_1.png,1267,565,156,81,0.672195,0.0077466964721679,0.9993718266487122,good,1.0,27.679352035859,85.401532318316
1014915750619193.jpg,1014915750619193_2.png,crops/1014915750619193_2.png,1160,950,210,150,0.586386,0.0090233484903971,0.9088117480278016,good,1.0,27.679352035859,85.401532318316
1029066515812592.jpg,1029066515812592_0.png,crops/1029066515812592_0.png,810,1142,36,43,0.283779,0.0046965281168619,0.9486075639724731,good,1.0,27.678027374964,85.407312374673
1029426972417180.jpg,1029426972417180_0.png,crops/1029426972417180_0.png,1734,1293,123,13,0.830686,0.0005051294962565,0.8769170641899109,good,1.0,27.671455348122,85.418076618836
1029426972417180.jpg,1029426972417180_1.png,crops/1029426972417180_1.png,833,538,225,65,0.377132,0.0041081110636393,0.9983090162277222,good,1.0,27.671455348122,85.418076618836
1053138720001875.jpg,1053138720001875_0.png,crops/1053138720001875_0.png,991,1041,94,117,0.720852,0.0026747385660807,0.9974294304847716,good,1.0,27.678978165714,85.403139441459
1053138720001875.jpg,1053138720001875_1.png,crops/1053138720001875_1.png,1018,669,59,81,0.31563,0.001321792602539,0.9523190259933472,good,1.0,27.678978165714,85.403139441459
1053138720001875.jpg,1053138720001875_2.png,crops/1053138720001875_2.png,926,664,150,86,0.299471,0.0036214192708333,0.9096279144287108,good,1.0,27.678978165714,85.403139441459
1053138720001875.jpg,1053138720001875_3.png,crops/1053138720001875_3.png,872,500,213,95,0.284578,0.0051558812459309,0.9981694221496582,good,1.0,27.678978165714,85.403139441459
1074333801188137.jpg,1074333801188137_0.png,crops/1074333801188137_0.png,875,799,110,64,0.86254,0.0018183390299479,0.994661509990692,good,1.0,27.671607600712,85.415993494939
1074333801188137.jpg,1074333801188137_1.png,crops/1074333801188137_1.png,798,1408,132,126,0.682668,0.0050115585327148,0.905052125453949,good,1.0,27.671607600712,85.415993494939
1074333801188137.jpg,1074333801188137_2.png,crops/1074333801188137_2.png,905,617,98,55,0.584901,0.0013424555460611,0.999745547771454,good,1.0,27.671607600712,85.415993494939
1155582576045854.jpg,1155582576045854_0.png,crops/1155582576045854_0.png,784,1247,123,84,0.491512,0.0024563471476236,0.9933090209960938,good,1.0,27.67905854863,85.402768386254
1155582576045854.jpg,1155582576045854_1.png,crops/1155582576045854_1.png,947,895,98,54,0.337452,0.0013039906819661,0.9976288676261902,good,1.0,27.67905854863,85.402768386254
1155582576045854.jpg,1155582576045854_2.png,crops/1155582576045854_2.png,905,994,100,66,0.299438,0.0016984939575195,0.994840919971466,good,1.0,27.67905854863,85.402768386254
1177955557065276.jpg,1177955557065276_0.png,crops/1177955557065276_0.png,634,1097,141,93,0.976155,0.0036557515462239,0.8218933939933777,good,1.0,27.677966470561,85.407397768741
1177955557065276.jpg,1177955557065276_1.png,crops/1177955557065276_1.png,718,810,124,77,0.922077,0.0026578903198242,0.992395281791687,good,1.0,27.677966470561,85.407397768741
1177955557065276.jpg,1177955557065276_2.png,crops/1177955557065276_2.png,687,949,139,75,0.714478,0.0027564366658528,0.9934679865837096,good,1.0,27.677966470561,85.407397768741
1177955557065276.jpg,1177955557065276_3.png,crops/1177955557065276_3.png,742,708,123,55,0.591796,0.0019013086954752,0.9955387711524964,good,1.0,27.677966470561,85.407397768741
1177955557065276.jpg,1177955557065276_4.png,crops/1177955557065276_4.png,643,1282,164,109,0.394785,0.0045073827107747,0.8392647504806519,damaged,0.5,27.677966470561,85.407397768741
1177955557065276.jpg,1177955557065276_5.png,crops/1177955557065276_5.png,742,704,123,61,0.272503,0.0035355885823567,0.9964904189109802,good,1.0,27.677966470561,85.407397768741
1181703173602332.jpg,1181703173602332_0.png,crops/1181703173602332_0.png,957,573,140,148,0.973494,0.0059404373168945,0.9877053499221802,good,1.0,27.680849988875,85.394753785828
1181703173602332.jpg,1181703173602332_1.png,crops/1181703173602332_1.png,945,273,125,104,0.932443,0.0035794576009114,0.9980815649032592,good,1.0,27.680849988875,85.394753785828
1181703173602332.jpg,1181703173602332_2.png,crops/1181703173602332_2.png,934,1017,174,241,0.892431,0.0119307835896809,0.993000626564026,good,1.0,27.680849988875,85.394753785828
1181703173602332.jpg,1181703173602332_3.png,crops/1181703173602332_3.png,1804,1183,82,88,0.79379,0.0008064905802408,0.9381949305534364,good,1.0,27.680849988875,85.394753785828
1186301955747064.jpg,1186301955747064_0.png,crops/1186301955747064_0.png,1003,1276,144,259,0.946124,0.0081160863240559,0.997403919696808,good,1.0,27.673749219332,85.41043132134
1186301955747064.jpg,1186301955747064_1.png,crops/1186301955747064_1.png,1148,598,120,91,0.645153,0.002907117207845,0.9980423450469972,good,1.0,27.673749219332,85.41043132134
1186301955747064.jpg,1186301955747064_2.png,crops/1186301955747064_2.png,1071,925,137,237,0.528872,0.0074144999186197,0.998129904270172,good,1.0,27.673749219332,85.41043132134
1191796645931231.jpg,1191796645931231_0.png,crops/1191796645931231_0.png,924,857,128,114,0.91328,0.003890037536621,0.9986494183540344,good,1.0,27.671450721943,85.418145029938
1191796645931231.jpg,1191796645931231_1.png,crops/1191796645931231_1.png,832,1372,157,164,0.853072,0.0069624582926432,0.9546610713005066,good,1.0,27.671450721943,85.418145029938
1191796645931231.jpg,1191796645931231_2.png,crops/1191796645931231_2.png,1044,304,88,63,0.522697,0.0015014012654622,0.9973217844963074,good,1.0,27.671450721943,85.418145029938
1191796645931231.jpg,1191796645931231_3.png,crops/1191796645931231_3.png,990,540,109,68,0.486401,0.0018955866495768,0.9991759657859802,good,1.0,27.671450721943,85.418145029938
1191796645931231.jpg,1191796645931231_4.png,crops/1191796645931231_4.png,1198,1493,40,19,0.418698,0.0002692540486653,0.6014101505279541,good,1.0,27.671450721943,85.418145029938
1191910035757741.jpg,1191910035757741_0.png,crops/1191910035757741_0.png,1094,1202,109,270,0.49818,0.0086936950683593,0.7152871489524841,good,1.0,27.678648576087,85.40468276967
1193655552268580.jpg,1193655552268580_0.png,crops/1193655552268580_0.png,1322,1087,88,221,0.979153,0.0044533411661783,0.9992839694023132,good,1.0,27.673850050583,85.410239937277
1193655552268580.jpg,1193655552268580_1.png,crops/1193655552268580_1.png,1345,830,67,178,0.942262,0.0033286412556966,0.998755693435669,good,1.0,27.673850050583,85.410239937277
1193655552268580.jpg,1193655552268580_2.png,crops/1193655552268580_2.png,1369,174,76,161,0.919986,0.002910296122233,0.9998144507408142,good,1.0,27.673850050583,85.410239937277
1193655552268580.jpg,1193655552268580_3.png,crops/1193655552268580_3.png,1271,1416,92,120,0.911217,0.0025968551635742,0.990358293056488,good,1.0,27.673850050583,85.410239937277
1193655552268580.jpg,1193655552268580_4.png,crops/1193655552268580_4.png,1341,605,64,162,0.909576,0.0030310948689778,0.9994126558303832,good,1.0,27.673850050583,85.410239937277
1193655552268580.jpg,1193655552268580_5.png,crops/1193655552268580_5.png,1347,394,74,159,0.909534,0.0028483072916666,0.9997500777244568,good,1.0,27.673850050583,85.410239937277
1193655552268580.jpg,1193655552268580_6.png,crops/1193655552268580_6.png,1401,0,69,39,0.456811,0.0006993611653645,0.9854140281677246,good,1.0,27.673850050583,85.410239937277
1194797141989902.jpg,1194797141989902_0.png,crops/1194797141989902_0.png,1235,488,105,121,0.698657,0.0030733744303385,0.994964599609375,good,1.0,27.678817691057,85.403909889699
1200405034549615.jpg,1200405034549615_0.png,crops/1200405034549615_0.png,868,957,119,120,0.9516,0.0040178298950195,0.5851350426673889,good,1.0,27.678620508513,85.404800193209
1209219990846713.jpg,1209219990846713_0.png,crops/1209219990846713_0.png,1025,848,107,103,0.917192,0.0029074350992838,0.9989293217658995,good,1.0,27.67926694618,85.401873478621
1209219990846713.jpg,1209219990846713_1.png,crops/1209219990846713_1.png,1108,552,94,92,0.767022,0.0022751490275065,0.9994927644729614,good,1.0,27.67926694618,85.401873478621
1209219990846713.jpg,1209219990846713_2.png,crops/1209219990846713_2.png,990,1039,101,102,0.646755,0.0024941762288411,0.9443204402923584,good,1.0,27.67926694618,85.401873478621
1209219990846713.jpg,1209219990846713_3.png,crops/1209219990846713_3.png,1129,433,93,86,0.642752,0.0020170211791992,0.9977941513061525,good,1.0,27.67926694618,85.401873478621
1209219990846713.jpg,1209219990846713_4.png,crops/1209219990846713_4.png,1145,320,89,68,0.412549,0.0015741984049479,0.9976707100868224,good,1.0,27.67926694618,85.401873478621
1209219990846713.jpg,1209219990846713_5.png,crops/1209219990846713_5.png,1170,225,83,66,0.315189,0.0013389587402343,0.999434530735016,good,1.0,27.67926694618,85.401873478621
1209219990846713.jpg,1209219990846713_6.png,crops/1209219990846713_6.png,1063,696,115,83,0.292415,0.0021686553955078,0.99891197681427,good,1.0,27.67926694618,85.401873478621
1211491317163978.jpg,1211491317163978_0.png,crops/1211491317163978_0.png,1240,281,106,187,0.983747,0.0044695536295572,0.9990509152412416,good,1.0,27.672971094767,85.412139057873
1211491317163978.jpg,1211491317163978_1.png,crops/1211491317163978_1.png,1313,861,123,292,0.980725,0.0077298482259114,0.9960979223251344,good,1.0,27.672971094767,85.412139057873
1211491317163978.jpg,1211491317163978_2.png,crops/1211491317163978_2.png,1288,538,93,225,0.97154,0.0054426193237304,0.9991445541381836,good,1.0,27.672971094767,85.412139057873
1211491317163978.jpg,1211491317163978_3.png,crops/1211491317163978_3.png,1372,1295,138,240,0.922678,0.0070470174153645,0.9961934089660645,good,1.0,27.672971094767,85.412139057873
1211491317163978.jpg,1211491317163978_4.png,crops/1211491317163978_4.png,1224,58,98,161,0.813406,0.0036710103352864,0.9998658895492554,good,1.0,27.672971094767,85.412139057873
1211491317163978.jpg,1211491317163978_5.png,crops/1211491317163978_5.png,91,823,119,30,0.415997,0.0017687479654947,0.9187446236610411,good,1.0,27.672971094767,85.412139057873
1215109599988670.jpg,1215109599988670_0.png,crops/1215109599988670_0.png,613,160,132,69,0.969569,0.0025234222412109,0.9995444416999816,good,1.0,27.671336795849,85.420099089304
1215109599988670.jpg,1215109599988670_1.png,crops/1215109599988670_1.png,581,430,151,95,0.92766,0.0040302276611328,0.995215654373169,good,1.0,27.671336795849,85.420099089304
1303859174006775.jpg,1303859174006775_0.png,crops/1303859174006775_0.png,994,761,143,121,0.986502,0.004731814066569,0.9949701428413392,good,1.0,27.679565176171,85.400643221994
1303859174006775.jpg,1303859174006775_1.png,crops/1303859174006775_1.png,1001,573,121,107,0.983085,0.0038709640502929,0.9889947772026062,good,1.0,27.679565176171,85.400643221994
1303859174006775.jpg,1303859174006775_2.png,crops/1303859174006775_2.png,989,996,141,151,0.931917,0.0065927505493164,0.6895887851715088,good,1.0,27.679565176171,85.400643221994
1303859174006775.jpg,1303859174006775_3.png,crops/1303859174006775_3.png,1000,423,113,89,0.918401,0.0028826395670572,0.9912154674530028,good,1.0,27.679565176171,85.400643221994
1303859174006775.jpg,1303859174006775_4.png,crops/1303859174006775_4.png,981,1283,161,194,0.863894,0.009309450785319,0.7513102889060974,damaged,0.5,27.679565176171,85.400643221994
1303859174006775.jpg,1303859174006775_5.png,crops/1303859174006775_5.png,1016,283,107,88,0.798442,0.0025993982950846,0.9990198612213136,good,1.0,27.679565176171,85.400643221994
1309516393637444.jpg,1309516393637444_0.png,crops/1309516393637444_0.png,1248,159,102,174,0.920313,0.0033226013183593,0.9998186230659484,good,1.0,27.679202869971,85.402136250374
1309516393637444.jpg,1309516393637444_1.png,crops/1309516393637444_1.png,897,1256,179,213,0.903471,0.008095105489095,0.9306515455245972,good,1.0,27.679202869971,85.402136250374
1309516393637444.jpg,1309516393637444_2.png,crops/1309516393637444_2.png,1001,932,147,156,0.891354,0.0050907135009765,0.9952481389045716,good,1.0,27.679202869971,85.402136250374
1309516393637444.jpg,1309516393637444_3.png,crops/1309516393637444_3.png,1091,691,128,123,0.518621,0.003432273864746,0.9956159591674804,good,1.0,27.679202869971,85.402136250374
1324000582147615.jpg,1324000582147615_0.png,crops/1324000582147615_0.png,841,1017,143,111,0.981929,0.0043023427327473,0.994147539138794,good,1.0,27.680756015085,85.395209338533
1324000582147615.jpg,1324000582147615_1.png,crops/1324000582147615_1.png,769,1325,151,122,0.979838,0.0048211415608723,0.9900334477424622,good,1.0,27.680756015085,85.395209338533
1324000582147615.jpg,1324000582147615_2.png,crops/1324000582147615_2.png,913,745,143,103,0.755361,0.0036325454711914,0.9989510774612428,good,1.0,27.680756015085,85.395209338533
1324000582147615.jpg,1324000582147615_3.png,crops/1324000582147615_3.png,1223,20,99,84,0.485974,0.0020955403645833,0.9973987340927124,good,1.0,27.680756015085,85.395209338533
1337681697451040.jpg,1337681697451040_0.png,crops/1337681697451040_0.png,846,1004,147,162,0.97914,0.0053380330403645,0.9997125267982484,good,1.0,27.680232937738,85.397768406077
1337681697451040.jpg,1337681697451040_1.png,crops/1337681697451040_1.png,952,633,123,127,0.870555,0.0036490758260091,0.9999555349349976,good,1.0,27.680232937738,85.397768406077
1337681697451040.jpg,1337681697451040_2.png,crops/1337681697451040_2.png,1032,355,97,99,0.810947,0.0023870468139648,0.9991996884346008,good,1.0,27.680232937738,85.397768406077
1337681697451040.jpg,1337681697451040_3.png,crops/1337681697451040_3.png,1081,115,89,94,0.696884,0.0020516713460286,0.998231828212738,good,1.0,27.680232937738,85.397768406077
1343154610258422.jpg,1343154610258422_0.png,crops/1343154610258422_0.png,1124,468,99,112,0.961184,0.0029369990030924,0.9993799924850464,good,1.0,27.679035189281,85.402871298898
1343154610258422.jpg,1343154610258422_1.png,crops/1343154610258422_1.png,1090,924,119,165,0.952426,0.0055503845214843,0.9491206407546996,good,1.0,27.679035189281,85.402871298898
1343154610258422.jpg,1343154610258422_2.png,crops/1343154610258422_2.png,1067,1267,128,232,0.908355,0.0088698069254557,0.9441902041435242,damaged,0.5,27.679035189281,85.402871298898
1343154610258422.jpg,1343154610258422_3.png,crops/1343154610258422_3.png,1112,668,107,129,0.878236,0.003732681274414,0.9973478317260742,good,1.0,27.679035189281,85.402871298898
1343154610258422.jpg,1343154610258422_4.png,crops/1343154610258422_4.png,1136,308,89,87,0.818732,0.0020866394042968,0.9994595646858216,good,1.0,27.679035189281,85.402871298898
1343154610258422.jpg,1343154610258422_5.png,crops/1343154610258422_5.png,1190,79,32,60,0.257109,0.0005324681599934,0.9953800439834596,good,1.0,27.679035189281,85.402871298898
1343710423417924.jpg,1343710423417924_0.png,crops/1343710423417924_0.png,1189,458,91,81,0.803575,0.0017922719319661,0.9996647834777832,good,1.0,27.673328159911,85.411294299859
1343710423417924.jpg,1343710423417924_1.png,crops/1343710423417924_1.png,1186,1251,132,182,0.690014,0.0068448384602864,0.9892746806144714,good,1.0,27.673328159911,85.411294299859
1343710423417924.jpg,1343710423417924_2.png,crops/1343710423417924_2.png,1210,765,101,120,0.68772,0.003329594930013,0.9995859265327454,good,1.0,27.673328159911,85.411294299859
1343710423417924.jpg,1343710423417924_3.png,crops/1343710423417924_3.png,1144,38,73,151,0.667416,0.003062884012858,0.9997990727424622,good,1.0,27.673328159911,85.411294299859
1343710423417924.jpg,1343710423417924_4.png,crops/1343710423417924_4.png,1155,238,77,72,0.479639,0.0014489491780598,0.9994775652885436,good,1.0,27.673328159911,85.411294299859
1346830859974736.jpg,1346830859974736_2.png,crops/1346830859974736_2.png,934,183,140,127,0.286622,0.0036627451578776,0.8345228433609009,good,1.0,27.678002384088,85.407352977698
1356665665381684.jpg,1356665665381684_0.png,crops/1356665665381684_0.png,1129,518,129,140,0.907392,0.0048561096191406,0.9942761063575744,good,1.0,27.679419097185,85.401237339005
1356665665381684.jpg,1356665665381684_1.png,crops/1356665665381684_1.png,1082,807,169,216,0.87328,0.0093266169230143,0.938588321208954,good,1.0,27.679419097185,85.401237339005
1356665665381684.jpg,1356665665381684_2.png,crops/1356665665381684_2.png,1166,328,105,97,0.862194,0.0027650197347005,0.999640941619873,good,1.0,27.679419097185,85.401237339005
1356665665381684.jpg,1356665665381684_3.png,crops/1356665665381684_3.png,1190,203,86,67,0.82758,0.0016374588012695,0.9989610910415648,good,1.0,27.679419097185,85.401237339005
1356665665381684.jpg,1356665665381684_4.png,crops/1356665665381684_4.png,1210,26,71,44,0.29809,0.0008500417073567,0.9944445490837096,good,1.0,27.679419097185,85.401237339005
1357864325254756.jpg,1357864325254756_0.png,crops/1357864325254756_0.png,1119,617,157,268,0.951107,0.0074755350748697,0.9944784641265868,good,1.0,27.671332209024,85.420607516041
1357864325254756.jpg,1357864325254756_1.png,crops/1357864325254756_1.png,1224,366,98,161,0.936778,0.003735860188802,0.999291181564331,good,1.0,27.671332209024,85.420607516041
1357864325254756.jpg,1357864325254756_2.png,crops/1357864325254756_2.png,1266,178,73,132,0.748037,0.0024964014689127,0.9997435212135316,good,1.0,27.671332209024,85.420607516041
1357864325254756.jpg,1357864325254756_3.png,crops/1357864325254756_3.png,1276,50,57,84,0.709821,0.0013291041056315,0.9966223239898682,good,1.0,27.671332209024,85.420607516041
1370417060815102.jpg,1370417060815102_0.png,crops/1370417060815102_0.png,1128,934,151,217,0.823729,0.0072584152221679,0.9912494421005248,damaged,0.5,27.679474833263,85.401001932415
1370417060815102.jpg,1370417060815102_1.png,crops/1370417060815102_1.png,1054,1388,157,147,0.570358,0.0059808095296223,0.9925981760025024,damaged,0.5,27.679474833263,85.401001932415
1386739046011321.jpg,1386739046011321_0.png,crops/1386739046011321_0.png,1007,1050,134,455,0.929249,0.0162569681803385,0.9496000409126282,good,1.0,27.671520644101,85.417142677023
1413677186661647.jpg,1413677186661647_0.png,crops/1413677186661647_0.png,1015,184,101,118,0.666794,0.0027236938476562,0.9940146803855896,good,1.0,27.6785953169,85.404914687629
1413677186661647.jpg,1413677186661647_1.png,crops/1413677186661647_1.png,1033,13,92,97,0.489557,0.0022395451863606,0.998563587665558,good,1.0,27.6785953169,85.404914687629
1437763237654940.jpg,1437763237654940_0.png,crops/1437763237654940_0.png,1154,1033,89,160,0.954475,0.0032898585001627,0.9981830716133118,good,1.0,27.672996628142,85.412088460502
1437763237654940.jpg,1437763237654940_1.png,crops/1437763237654940_1.png,1132,837,78,142,0.934167,0.002903938293457,0.999675750732422,good,1.0,27.672996628142,85.412088460502
1437763237654940.jpg,1437763237654940_2.png,crops/1437763237654940_2.png,1092,666,89,128,0.93081,0.0026346842447916,0.9997424483299256,good,1.0,27.672996628142,85.412088460502
1437763237654940.jpg,1437763237654940_3.png,crops/1437763237654940_3.png,1195,1263,133,182,0.9068,0.0040419896443684,0.9971297383308412,good,1.0,27.672996628142,85.412088460502
1439981526972995.jpg,1439981526972995_0.png,crops/1439981526972995_0.png,942,885,132,112,0.970816,0.0040718714396158,0.9961916208267212,good,1.0,27.671542957327,85.416814055213
1439981526972995.jpg,1439981526972995_1.png,crops/1439981526972995_1.png,996,570,109,77,0.850243,0.0020287831624348,0.999350368976593,good,1.0,27.671542957327,85.416814055213
1439981526972995.jpg,1439981526972995_2.png,crops/1439981526972995_2.png,1072,238,68,49,0.757451,0.0008665720621744,0.9992974996566772,good,1.0,27.671542957327,85.416814055213
1439981526972995.jpg,1439981526972995_3.png,crops/1439981526972995_3.png,1046,380,77,51,0.636823,0.0011218388875325,0.9996681213378906,good,1.0,27.671542957327,85.416814055213
1439981526972995.jpg,1439981526972995_4.png,crops/1439981526972995_4.png,1076,145,65,74,0.335168,0.001315434773763,0.9997703433036804,good,1.0,27.671542957327,85.416814055213
1440036353633241.jpg,1440036353633241_0.png,crops/1440036353633241_0.png,1011,1290,115,95,0.971038,0.0030962626139322,0.9950646758079528,good,1.0,27.679927712844,85.399080285111
1440036353633241.jpg,1440036353633241_1.png,crops/1440036353633241_1.png,1021,1103,111,101,0.967224,0.0032911300659179,0.9915575981140136,good,1.0,27.679927712844,85.399080285111
1440036353633241.jpg,1440036353633241_2.png,crops/1440036353633241_2.png,1015,939,114,87,0.962739,0.0028079350789388,0.99885094165802,good,1.0,27.679927712844,85.399080285111
1440036353633241.jpg,1440036353633241_3.png,crops/1440036353633241_3.png,1020,782,121,90,0.926435,0.0029099782307942,0.998905062675476,good,1.0,27.679927712844,85.399080285111
1440036353633241.jpg,1440036353633241_4.png,crops/1440036353633241_4.png,1024,1481,115,55,0.852428,0.0018596649169921,0.7616788148880005,damaged,0.5,27.679927712844,85.399080285111
1440036353633241.jpg,1440036353633241_5.png,crops/1440036353633241_5.png,1028,648,106,65,0.692191,0.0019820531209309,0.9937157034873962,good,1.0,27.679927712844,85.399080285111
1634271427234192.jpg,1634271427234192_0.png,crops/1634271427234192_0.png,1347,37,140,203,0.603942,0.0039440790812174,0.9926497340202332,good,1.0,27.678075388103,85.407210243913
1634271427234192.jpg,1634271427234192_1.png,crops/1634271427234192_1.png,1569,184,111,162,0.298211,0.0030253728230794,0.9984779953956604,good,1.0,27.678075388103,85.407210243913
1681678483231735.jpg,1681678483231735_0.png,crops/1681678483231735_0.png,1107,1159,111,210,0.986327,0.0065021514892578,0.9917022585868835,good,1.0,27.672911074894,85.41225337728
1681678483231735.jpg,1681678483231735_1.png,crops/1681678483231735_1.png,1125,905,101,173,0.967687,0.004977544148763,0.9969797730445862,good,1.0,27.672911074894,85.41225337728
1681678483231735.jpg,1681678483231735_2.png,crops/1681678483231735_2.png,1117,712,95,142,0.836079,0.0036916732788085,0.9988252520561218,good,1.0,27.672911074894,85.41225337728
1681678483231735.jpg,1681678483231735_3.png,crops/1681678483231735_3.png,1116,408,86,111,0.323741,0.0026054382324218,0.999461829662323,good,1.0,27.672911074894,85.41225337728
1681678483231735.jpg,1681678483231735_4.png,crops/1681678483231735_4.png,1127,1468,109,68,0.317556,0.0020958582560221,0.973039984703064,good,1.0,27.672911074894,85.41225337728
1692196965035040.jpg,1692196965035040_0.png,crops/1692196965035040_0.png,1030,746,129,131,0.939969,0.0050573348999023,0.7768193483352661,good,1.0,27.677925532138,85.407440708718
1692196965035040.jpg,1692196965035040_1.png,crops/1692196965035040_1.png,1014,1011,155,159,0.92679,0.0068276723225911,0.7026562690734863,damaged,0.5,27.677925532138,85.407440708718
1692196965035040.jpg,1692196965035040_2.png,crops/1692196965035040_2.png,969,1351,171,183,0.80456,0.0093075434366861,0.9921101927757264,damaged,0.5,27.677925532138,85.407440708718
1695654201319705.jpg,1695654201319705_0.png,crops/1695654201319705_0.png,762,706,134,95,0.982889,0.0037914911905924,0.988097369670868,good,1.0,27.680360918711,85.397180030807
1695654201319705.jpg,1695654201319705_1.png,crops/1695654201319705_1.png,758,980,150,119,0.959559,0.0054000218709309,0.99459969997406,good,1.0,27.680360918711,85.397180030807
1695654201319705.jpg,1695654201319705_2.png,crops/1695654201319705_2.png,733,1358,181,172,0.842451,0.0091520945231119,0.7024949193000793,good,1.0,27.680360918711,85.397180030807
1695654201319705.jpg,1695654201319705_3.png,crops/1695654201319705_3.png,772,331,111,60,0.661893,0.0019149780273437,0.9977992177009584,good,1.0,27.680360918711,85.397180030807
1695654201319705.jpg,1695654201319705_4.png,crops/1695654201319705_4.png,768,499,124,73,0.617917,0.0026194254557291,0.9993177652359008,good,1.0,27.680360918711,85.397180030807
1697887837746049.jpg,1697887837746049_0.png,crops/1697887837746049_0.png,1164,207,70,57,0.266539,0.0010929107666015,0.999536156654358,good,1.0,27.671584376365,85.41623950573
1705012020410140.jpg,1705012020410140_0.png,crops/1705012020410140_0.png,1063,969,139,135,0.98788,0.0052951176961263,0.964227557182312,good,1.0,27.679386944777,85.401377787626
1705012020410140.jpg,1705012020410140_1.png,crops/1705012020410140_1.png,1118,416,101,76,0.923075,0.0023237864176432,0.9984316229820251,good,1.0,27.679386944777,85.401377787626
1705012020410140.jpg,1705012020410140_2.png,crops/1705012020410140_2.png,1084,740,118,113,0.905327,0.0039879480997721,0.9924637079238892,good,1.0,27.679386944777,85.401377787626
1705012020410140.jpg,1705012020410140_3.png,crops/1705012020410140_3.png,1116,290,98,73,0.837801,0.0019823710123697,0.9989193677902222,good,1.0,27.679386944777,85.401377787626
1705012020410140.jpg,1705012020410140_4.png,crops/1705012020410140_4.png,1035,1245,155,186,0.759091,0.0080521901448567,0.7642022371292114,good,1.0,27.679386944777,85.401377787626
1705012020410140.jpg,1705012020410140_5.png,crops/1705012020410140_5.png,1111,564,112,85,0.60161,0.0027523040771484,0.9991915822029114,good,1.0,27.679386944777,85.401377787626
1705012020410140.jpg,1705012020410140_6.png,crops/1705012020410140_6.png,431,309,87,74,0.358449,0.0017019907633463,0.9601162672042848,good,1.0,27.679386944777,85.401377787626
1723821071821467.jpg,1723821071821467_0.png,crops/1723821071821467_0.png,1409,852,120,134,0.968632,0.0029687881469726,0.9996023774147034,good,1.0,27.673997240338,85.409977663797
1723821071821467.jpg,1723821071821467_1.png,crops/1723821071821467_1.png,1468,1045,101,184,0.953253,0.0048201878865559,0.9991506338119508,good,1.0,27.673997240338,85.409977663797
1723821071821467.jpg,1723821071821467_2.png,crops/1723821071821467_2.png,1364,661,100,148,0.912659,0.0030422210693359,0.9994820952415466,good,1.0,27.673997240338,85.409977663797
1723821071821467.jpg,1723821071821467_3.png,crops/1723821071821467_3.png,1312,489,106,132,0.912585,0.0026140213012695,0.999308466911316,good,1.0,27.673997240338,85.409977663797
1723821071821467.jpg,1723821071821467_4.png,crops/1723821071821467_4.png,1455,1313,123,223,0.903929,0.0068152745564778,0.9973983764648438,good,1.0,27.673997240338,85.409977663797
1723821071821467.jpg,1723821071821467_5.png,crops/1723821071821467_5.png,1080,53,112,103,0.499353,0.0024054845174153,0.9998698234558104,good,1.0,27.673997240338,85.409977663797
1723821071821467.jpg,1723821071821467_6.png,crops/1723821071821467_6.png,1252,321,110,122,0.430767,0.0040095647176106,0.9998729228973388,good,1.0,27.673997240338,85.409977663797
1773342163210168.jpg,1773342163210168_0.png,crops/1773342163210168_0.png,1139,145,83,106,0.925933,0.0023600260416666,0.9993423819541932,good,1.0,27.672415738643,85.41324967634
1773342163210168.jpg,1773342163210168_1.png,crops/1773342163210168_1.png,1118,458,88,94,0.910764,0.0021197001139322,0.9995929598808287,good,1.0,27.672415738643,85.41324967634
1795476057696627.jpg,1795476057696627_0.png,crops/1795476057696627_0.png,1127,840,105,155,0.969286,0.0042238235473632,0.9982243180274964,good,1.0,27.672807379178,85.412452925681
1795476057696627.jpg,1795476057696627_1.png,crops/1795476057696627_1.png,1150,1065,145,189,0.95581,0.005713144938151,0.9969846606254578,good,1.0,27.672807379178,85.412452925681
1795476057696627.jpg,1795476057696627_2.png,crops/1795476057696627_2.png,1109,678,89,117,0.933637,0.0029888153076171,0.9995885491371156,good,1.0,27.672807379178,85.412452925681
1795476057696627.jpg,1795476057696627_3.png,crops/1795476057696627_3.png,1227,1356,166,179,0.929395,0.0064039230346679,0.8748883605003357,good,1.0,27.672807379178,85.412452925681
1795476057696627.jpg,1795476057696627_4.png,crops/1795476057696627_4.png,1127,414,80,51,0.820468,0.0010544459025065,0.998791515827179,good,1.0,27.672807379178,85.412452925681
1795476057696627.jpg,1795476057696627_5.png,crops/1795476057696627_5.png,1112,531,89,52,0.430041,0.0011777877807617,0.999765932559967,good,1.0,27.672807379178,85.412452925681
2113762739083002.jpg,2113762739083002_0.png,crops/2113762739083002_0.png,1222,407,135,132,0.705659,0.0046733220418294,0.6223106980323792,good,1.0,27.67886524542,85.403692866595
2128674800907563.jpg,2128674800907563_0.png,crops/2128674800907563_0.png,804,710,197,137,0.845907,0.0075798034667968,0.9859318733215332,good,1.0,27.678225040186,85.406662432322
2128674800907563.jpg,2128674800907563_1.png,crops/2128674800907563_1.png,821,981,206,147,0.677561,0.0088256200154622,0.8404192924499512,damaged,0.5,27.678225040186,85.406662432322
2128674800907563.jpg,2128674800907563_2.png,crops/2128674800907563_2.png,864,521,186,112,0.5359,0.0054038365681966,0.9972796440124512,good,1.0,27.678225040186,85.406662432322
2129248110843970.jpg,2129248110843970_0.png,crops/2129248110843970_0.png,850,367,97,97,0.937061,0.0023622512817382,0.9976515173912048,good,1.0,27.68065538277,85.395671352464
2129248110843970.jpg,2129248110843970_1.png,crops/2129248110843970_1.png,871,170,87,75,0.890911,0.0017433166503906,0.9983102083206176,good,1.0,27.68065538277,85.395671352464
2129248110843970.jpg,2129248110843970_2.png,crops/2129248110843970_2.png,825,629,101,109,0.861286,0.0028826395670572,0.9970273375511168,good,1.0,27.68065538277,85.395671352464
2129248110843970.jpg,2129248110843970_3.png,crops/2129248110843970_3.png,909,24,91,68,0.298017,0.0014769236246744,0.9993853569030762,good,1.0,27.68065538277,85.395671352464
2129248110843970.jpg,2129248110843970_4.png,crops/2129248110843970_4.png,772,1226,128,87,0.268783,0.0019785563151041,0.9956833124160768,good,1.0,27.68065538277,85.395671352464
2365055653863899.jpg,2365055653863899_0.png,crops/2365055653863899_0.png,664,1210,156,142,0.95292,0.0050538380940755,0.9897148013114928,good,1.0,27.671546476021,85.416705048786
2365055653863899.jpg,2365055653863899_1.png,crops/2365055653863899_1.png,836,810,129,104,0.895478,0.0030825932820638,0.9965127110481262,good,1.0,27.671546476021,85.416705048786
2496306780700920.jpg,2496306780700920_0.png,crops/2496306780700920_0.png,1275,1215,140,172,0.980375,0.0050729115804036,0.9993539452552797,good,1.0,27.674045965799,85.409896672229
2496306780700920.jpg,2496306780700920_1.png,crops/2496306780700920_1.png,1330,1032,102,130,0.910541,0.0032723744710286,0.9995061159133912,good,1.0,27.674045965799,85.409896672229
2496306780700920.jpg,2496306780700920_2.png,crops/2496306780700920_2.png,1339,827,97,164,0.886584,0.0040435791015625,0.9997367262840272,good,1.0,27.674045965799,85.409896672229
2496306780700920.jpg,2496306780700920_3.png,crops/2496306780700920_3.png,1368,624,85,153,0.855525,0.0035429000854492,0.9995525479316713,good,1.0,27.674045965799,85.409896672229
2496306780700920.jpg,2496306780700920_4.png,crops/2496306780700920_4.png,1208,1450,139,86,0.851033,0.0027462641398111,0.999656081199646,good,1.0,27.674045965799,85.409896672229
2496306780700920.jpg,2496306780700920_5.png,crops/2496306780700920_5.png,1367,411,91,160,0.685675,0.003482182820638,0.9998202919960022,good,1.0,27.674045965799,85.409896672229
2496306780700920.jpg,2496306780700920_6.png,crops/2496306780700920_6.png,1271,51,114,146,0.48094,0.0037425359090169,0.997761607170105,good,1.0,27.674045965799,85.409896672229
3354293161368051.jpg,3354293161368051_0.png,crops/3354293161368051_0.png,1043,637,161,144,0.95412,0.0049756368001302,0.9995538592338562,good,1.0,27.680898494455,85.394533501589
3354293161368051.jpg,3354293161368051_1.png,crops/3354293161368051_1.png,1176,375,119,93,0.938342,0.0029414494832356,0.999553382396698,good,1.0,27.680898494455,85.394533501589
3354293161368051.jpg,3354293161368051_2.png,crops/3354293161368051_2.png,789,1067,242,243,0.641612,0.0111252466837565,0.997988224029541,good,1.0,27.680898494455,85.394533501589
3922630671383595.jpg,3922630671383595_0.png,crops/3922630671383595_0.png,1160,0,116,357,0.890274,0.0077002843221028,0.9891788959503174,good,1.0,27.674099202494,85.409822100704
3922630671383595.jpg,3922630671383595_1.png,crops/3922630671383595_1.png,1277,1228,135,306,0.84241,0.0071493784586588,0.9634652733802797,good,1.0,27.674099202494,85.409822100704
3922630671383595.jpg,3922630671383595_2.png,crops/3922630671383595_2.png,1205,882,87,130,0.670394,0.0025342305501302,0.9983017444610596,good,1.0,27.674099202494,85.409822100704
3922630671383595.jpg,3922630671383595_3.png,crops/3922630671383595_3.png,1180,748,88,103,0.64304,0.0019804636637369,0.996427357196808,good,1.0,27.674099202494,85.409822100704
3922630671383595.jpg,3922630671383595_4.png,crops/3922630671383595_4.png,1236,1054,96,139,0.600337,0.0026636123657226,0.9954264760017396,good,1.0,27.674099202494,85.409822100704
3922630671383595.jpg,3922630671383595_5.png,crops/3922630671383595_5.png,1166,614,87,107,0.408957,0.002197265625,0.9981879591941832,good,1.0,27.674099202494,85.409822100704
3922630671383595.jpg,3922630671383595_6.png,crops/3922630671383595_6.png,1160,389,79,85,0.25794,0.0016132990519205,0.9948327541351318,good,1.0,27.674099202494,85.409822100704
3978911115731808.jpg,3978911115731808_0.png,crops/3978911115731808_0.png,725,1144,137,109,0.968692,0.0029830932617187,0.9997641444206238,good,1.0,27.677831840657,85.407524330137
3978911115731808.jpg,3978911115731808_1.png,crops/3978911115731808_1.png,617,1343,135,110,0.941693,0.002992312113444,0.9899826645851136,good,1.0,27.677831840657,85.407524330137
3978911115731808.jpg,3978911115731808_2.png,crops/3978911115731808_2.png,1082,533,147,125,0.932809,0.003551165262858,0.9999524354934692,good,1.0,27.677831840657,85.407524330137
3978911115731808.jpg,3978911115731808_3.png,crops/3978911115731808_3.png,956,741,148,121,0.80689,0.0034707387288411,0.9999816417694092,good,1.0,27.677831840657,85.407524330137
3978911115731808.jpg,3978911115731808_4.png,crops/3978911115731808_4.png,1202,332,131,128,0.682573,0.0034488042195638,0.9999064207077026,good,1.0,27.677831840657,85.407524330137
3978911115731808.jpg,3978911115731808_5.png,crops/3978911115731808_5.png,836,950,139,105,0.474165,0.0028359095255533,0.999354898929596,good,1.0,27.677831840657,85.407524330137
3978911115731808.jpg,3978911115731808_6.png,crops/3978911115731808_6.png,1311,0,245,272,0.349734,0.0078697204589843,0.874748945236206,good,1.0,27.677831840657,85.407524330137
505413682642730.jpg,505413682642730_0.png,crops/505413682642730_0.png,889,388,223,478,0.787861,0.0168304443359375,0.9559159874916076,good,1.0,27.673037058787,85.411945861661
520613041094468.jpg,520613041094468_0.png,crops/520613041094468_0.png,1058,922,166,156,0.972138,0.005616823832194,0.996618390083313,good,1.0,27.672877686582,85.41231725592
520613041094468.jpg,520613041094468_1.png,crops/520613041094468_1.png,1132,1153,201,225,0.953528,0.0090360641479492,0.900826096534729,good,1.0,27.672877686582,85.41231725592
520613041094468.jpg,520613041094468_2.png,crops/520613041094468_2.png,1020,745,131,121,0.920099,0.0039269129435221,0.9967339038848876,good,1.0,27.672877686582,85.41231725592
520613041094468.jpg,520613041094468_3.png,crops/520613041094468_3.png,984,610,113,101,0.773824,0.0028479894002278,0.9991325736045836,good,1.0,27.672877686582,85.41231725592
525625543934663.jpg,525625543934663_0.png,crops/525625543934663_0.png,966,1430,94,58,0.685845,0.0015951792399088,0.9973039627075196,good,1.0,27.6799483892,85.398996609224
525625543934663.jpg,525625543934663_1.png,crops/525625543934663_1.png,966,1430,94,58,0.393263,0.003024419148763,0.9981124401092528,good,1.0,27.6799483892,85.398996609224
525625543934663.jpg,525625543934663_2.png,crops/525625543934663_2.png,949,1337,100,50,0.31161,0.0014362335205078,0.998527765274048,good,1.0,27.6799483892,85.398996609224
530051250157826.jpg,530051250157826_0.png,crops/530051250157826_0.png,566,475,163,149,0.954903,0.007153828938802,0.9989355206489564,good,1.0,27.67816662666,85.406906064078
530051250157826.jpg,530051250157826_1.png,crops/530051250157826_1.png,643,75,149,96,0.834229,0.0034090677897135,0.9945333003997804,good,1.0,27.67816662666,85.406906064078
530051250157826.jpg,530051250157826_2.png,crops/530051250157826_2.png,593,254,149,116,0.510128,0.0048084259033203,0.9976356029510498,good,1.0,27.67816662666,85.406906064078
530051250157826.jpg,530051250157826_3.png,crops/530051250157826_3.png,1966,409,82,87,0.319402,0.0011828740437825,0.9955835938453674,good,1.0,27.67816662666,85.406906064078
543994898304972.jpg,543994898304972_0.png,crops/543994898304972_0.png,1107,0,132,91,0.897346,0.0035028457641601,0.9481222033500672,good,1.0,27.678453868966,85.4055912617
543994898304972.jpg,543994898304972_1.png,crops/543994898304972_1.png,1055,260,199,204,0.872484,0.0098139444986979,0.995660126209259,good,1.0,27.678453868966,85.4055912617
550018368109528.jpg,550018368109528_0.png,crops/550018368109528_0.png,984,569,106,72,0.951083,0.0021381378173828,0.9985085129737854,good,1.0,27.672730925895,85.412604253643
550018368109528.jpg,550018368109528_1.png,crops/550018368109528_1.png,955,821,119,93,0.943272,0.0032612482706705,0.9979520440101624,good,1.0,27.672730925895,85.412604253643
550018368109528.jpg,550018368109528_2.png,crops/550018368109528_2.png,1031,379,90,54,0.882121,0.0013653437296549,0.9997479319572448,good,1.0,27.672730925895,85.412604253643
550018368109528.jpg,550018368109528_3.png,crops/550018368109528_3.png,893,1246,173,289,0.450428,0.0134280522664388,0.8949338793754578,good,1.0,27.672730925895,85.412604253643
589296380806427.jpg,589296380806427_0.png,crops/589296380806427_0.png,849,1412,141,98,0.969927,0.0035781860351562,0.9507902264595032,good,1.0,27.680476395335,85.396634355617
589296380806427.jpg,589296380806427_1.png,crops/589296380806427_1.png,905,1170,128,87,0.903043,0.0030247370402018,0.997759222984314,good,1.0,27.680476395335,85.396634355617
589296380806427.jpg,589296380806427_2.png,crops/589296380806427_2.png,953,959,123,74,0.878904,0.0025221506754557,0.9996949434280396,good,1.0,27.680476395335,85.396634355617
589296380806427.jpg,589296380806427_3.png,crops/589296380806427_3.png,995,768,117,76,0.826705,0.002442995707194,0.9980512857437134,good,1.0,27.680476395335,85.396634355617
589296380806427.jpg,589296380806427_4.png,crops/589296380806427_4.png,1037,595,122,68,0.457587,0.002269426981608,0.9964531660079956,good,1.0,27.680476395335,85.396634355617
595024163570235.jpg,595024163570235_0.png,crops/595024163570235_0.png,1057,1010,102,117,0.933757,0.0033000310262044,0.9957605004310608,good,1.0,27.679404557931,85.40130428103
595024163570235.jpg,595024163570235_1.png,crops/595024163570235_1.png,1094,817,97,102,0.928183,0.0026302337646484,0.9996492862701416,good,1.0,27.679404557931,85.40130428103
595024163570235.jpg,595024163570235_2.png,crops/595024163570235_2.png,1180,430,72,56,0.867807,0.0010732014973958,0.9994723200798036,good,1.0,27.679404557931,85.40130428103
595024163570235.jpg,595024163570235_3.png,crops/595024163570235_3.png,1000,1244,128,158,0.819211,0.0049880345662434,0.9087469577789308,good,1.0,27.679404557931,85.40130428103
595024163570235.jpg,595024163570235_4.png,crops/595024163570235_4.png,1148,531,80,76,0.535631,0.0016088485717773,0.9998624324798584,good,1.0,27.679404557931,85.40130428103
595024163570235.jpg,595024163570235_5.png,crops/595024163570235_5.png,1149,531,79,75,0.421686,0.0015859603881835,0.9995273351669312,good,1.0,27.679404557931,85.40130428103
595024163570235.jpg,595024163570235_6.png,crops/595024163570235_6.png,1123,664,90,81,0.299153,0.0019178390502929,0.9989691972732544,good,1.0,27.679404557931,85.40130428103
628917239964232.jpg,628917239964232_0.png,crops/628917239964232_0.png,886,692,115,116,0.952486,0.0035352706909179,0.9995293617248536,good,1.0,27.6716588,85.4153028
628917239964232.jpg,628917239964232_1.png,crops/628917239964232_1.png,906,1164,154,197,0.948746,0.007883071899414,0.9972487092018129,good,1.0,27.6716588,85.4153028
632172256250100.jpg,632172256250100_0.png,crops/632172256250100_0.png,962,730,146,155,0.681593,0.0056991577148437,0.9936395287513732,good,1.0,27.671350483806,85.419121347463
632634232910945.jpg,632634232910945_0.png,crops/632634232910945_0.png,903,605,132,103,0.873887,0.003369649251302,0.9996849298477172,good,1.0,27.680826196847,85.39486473867
632634232910945.jpg,632634232910945_1.png,crops/632634232910945_1.png,754,886,176,140,0.870275,0.0056050618489583,0.9991713762283324,good,1.0,27.680826196847,85.39486473867
632634232910945.jpg,632634232910945_2.png,crops/632634232910945_2.png,1579,0,175,66,0.805199,0.0031604766845703,0.9798705577850342,good,1.0,27.680826196847,85.39486473867
632634232910945.jpg,632634232910945_3.png,crops/632634232910945_3.png,1103,35,97,144,0.525699,0.0030078887939453,0.9999662637710572,good,1.0,27.680826196847,85.39486473867
632634232910945.jpg,632634232910945_4.png,crops/632634232910945_4.png,506,1322,248,212,0.319762,0.01044495900472,0.9960689544677734,good,1.0,27.680826196847,85.39486473867
636453216032807.jpg,636453216032807_0.png,crops/636453216032807_0.png,1036,467,101,153,0.92816,0.0043032964070638,0.9986922144889832,good,1.0,27.679516379997,85.400850039959
636453216032807.jpg,636453216032807_1.png,crops/636453216032807_1.png,1003,768,122,204,0.922602,0.0068162282307942,0.9783747792243958,good,1.0,27.679516379997,85.400850039959
636453216032807.jpg,636453216032807_2.png,crops/636453216032807_2.png,950,1197,154,318,0.63063,0.0129388173421223,0.9628968238830566,damaged,0.5,27.679516379997,85.400850039959
642712845392560.jpg,642712845392560_0.png,crops/642712845392560_0.png,923,665,139,153,0.656355,0.0054140090942382,0.9979524612426758,good,1.0,27.671574330635,85.41636080046
643201105155359.jpg,643201105155359_0.png,crops/643201105155359_0.png,1119,822,152,97,0.94324,0.0042107899983723,0.9627710580825806,good,1.0,27.679332029394,85.401613118336
643201105155359.jpg,643201105155359_1.png,crops/643201105155359_1.png,1089,1002,157,129,0.883545,0.0059849421183268,0.9488833546638488,good,1.0,27.679332029394,85.401613118336
643201105155359.jpg,643201105155359_2.png,crops/643201105155359_2.png,1153,634,138,84,0.809375,0.0032634735107421,0.9922776222229004,good,1.0,27.679332029394,85.401613118336
643201105155359.jpg,643201105155359_3.png,crops/643201105155359_3.png,1047,1239,188,145,0.708788,0.007520039876302,0.6122057437896729,good,1.0,27.679332029394,85.401613118336
643223928572701.jpg,643223928572701_0.png,crops/643223928572701_0.png,894,663,148,89,0.969108,0.0038201014200846,0.9991081357002258,good,1.0,27.671409717006,85.418584515252
643223928572701.jpg,643223928572701_1.png,crops/643223928572701_1.png,931,270,99,44,0.362436,0.001222292582194,0.9985389709472656,good,1.0,27.671409717006,85.418584515252
643223928572701.jpg,643223928572701_2.png,crops/643223928572701_2.png,854,1047,194,157,0.342332,0.0086358388264973,0.9468599557876588,good,1.0,27.671409717006,85.418584515252
643223928572701.jpg,643223928572701_3.png,crops/643223928572701_3.png,932,163,88,38,0.265716,0.0009339650472005,0.9983322024345398,good,1.0,27.671409717006,85.418584515252
643733935237841.jpg,643733935237841_0.png,crops/643733935237841_0.png,1157,768,122,313,0.967601,0.0093466440836588,0.995332419872284,good,1.0,27.672942965756,85.412191585356
643733935237841.jpg,643733935237841_1.png,crops/643733935237841_1.png,1181,37,78,128,0.916549,0.0026890436808268,0.9998569488525392,good,1.0,27.672942965756,85.412191585356
643733935237841.jpg,643733935237841_2.png,crops/643733935237841_2.png,1165,448,96,219,0.915861,0.0057611465454101,0.9985673427581788,good,1.0,27.672942965756,85.412191585356
643733935237841.jpg,643733935237841_3.png,crops/643733935237841_3.png,1152,1247,120,287,0.623682,0.0101881027221679,0.5230347514152527,good,1.0,27.672942965756,85.412191585356
643733935237841.jpg,643733935237841_4.png,crops/643733935237841_4.png,1187,204,82,166,0.576808,0.0039033889770507,0.9991846680641174,good,1.0,27.672942965756,85.412191585356
645681721587994.jpg,645681721587994_0.png,crops/645681721587994_0.png,477,147,60,36,0.439721,0.000583012898763,0.9976779818534852,good,1.0,27.671342772819,85.419460433319
654771557479045.jpg,654771557479045_0.png,crops/654771557479045_0.png,1288,929,125,130,0.975269,0.0041828155517578,0.999508500099182,good,1.0,27.671680444134,85.414974136963
654771557479045.jpg,654771557479045_1.png,crops/654771557479045_1.png,1360,577,102,95,0.941788,0.0025599797566731,0.998137354850769,good,1.0,27.671680444134,85.414974136963
654771557479045.jpg,654771557479045_2.png,crops/654771557479045_2.png,1319,163,92,69,0.818121,0.0015904108683268,0.9997312426567078,good,1.0,27.671680444134,85.414974136963
654771557479045.jpg,654771557479045_3.png,crops/654771557479045_3.png,1354,386,95,76,0.461346,0.0019505818684895,0.999657392501831,good,1.0,27.671680444134,85.414974136963
654771557479045.jpg,654771557479045_4.png,crops/654771557479045_4.png,1258,0,62,54,0.294647,0.0008115768432617,0.9963833093643188,good,1.0,27.671680444134,85.414974136963
660305080076044.jpg,660305080076044_0.png,crops/660305080076044_0.png,773,783,170,119,0.830176,0.0045490264892578,0.9994205236434937,good,1.0,27.671432997235,85.418445210809
660305080076044.jpg,660305080076044_1.png,crops/660305080076044_1.png,600,1245,191,159,0.628609,0.0072765350341796,0.9972388744354248,good,1.0,27.671432997235,85.418445210809
660305080076044.jpg,660305080076044_2.png,crops/660305080076044_2.png,878,476,132,85,0.473783,0.0026817321777343,0.9970282912254332,good,1.0,27.671432997235,85.418445210809
660573913359470.jpg,660573913359470_0.png,crops/660573913359470_0.png,671,791,134,148,0.956413,0.0045725504557291,0.9991723299026488,good,1.0,27.680708835081,85.395432553318
660573913359470.jpg,660573913359470_1.png,crops/660573913359470_1.png,761,431,94,110,0.860314,0.0027456283569335,0.9944726824760436,good,1.0,27.680708835081,85.395432553318
660573913359470.jpg,660573913359470_2.png,crops/660573913359470_2.png,507,1265,191,257,0.263483,0.0097084045410156,0.994976043701172,good,1.0,27.680708835081,85.395432553318
663538716257869.jpg,663538716257869_0.png,crops/663538716257869_0.png,890,847,122,101,0.948496,0.003427505493164,0.999391794204712,good,1.0,27.67251016707,85.413047413563
663538716257869.jpg,663538716257869_1.png,crops/663538716257869_1.png,871,534,96,81,0.920991,0.002360979715983,0.9988197684288024,good,1.0,27.67251016707,85.413047413563
663538716257869.jpg,663538716257869_2.png,crops/663538716257869_2.png,960,1297,146,177,0.858147,0.0073506037394205,0.9830326437950134,good,1.0,27.67251016707,85.413047413563
663538716257869.jpg,663538716257869_3.png,crops/663538716257869_3.png,869,290,84,67,0.827098,0.0015427271525065,0.9998998641967772,good,1.0,27.67251016707,85.413047413563
663538716257869.jpg,663538716257869_4.png,crops/663538716257869_4.png,879,106,80,57,0.58663,0.0012620290120442,0.9992413520812988,good,1.0,27.67251016707,85.413047413563
674119911765846.jpg,674119911765846_0.png,crops/674119911765846_0.png,951,425,161,229,0.889958,0.0076440175374348,0.9999237060546876,good,1.0,27.673050939414,85.411899110162
676761521701065.jpg,676761521701065_0.png,crops/676761521701065_0.png,1087,388,76,97,0.807416,0.0017229715983072,0.9999172687530518,good,1.0,27.6716532,85.4154089
676761521701065.jpg,676761521701065_1.png,crops/676761521701065_1.png,1061,700,90,138,0.80158,0.0030727386474609,0.9993077516555786,good,1.0,27.6716532,85.4154089
677842244612224.jpg,677842244612224_0.png,crops/677842244612224_0.png,978,544,110,96,0.971922,0.0031277338663736,0.9933874607086182,good,1.0,27.679718311437,85.399990058615
677842244612224.jpg,677842244612224_1.png,crops/677842244612224_1.png,982,733,131,111,0.953694,0.0041074752807617,0.999297261238098,good,1.0,27.679718311437,85.399990058615
677842244612224.jpg,677842244612224_2.png,crops/677842244612224_2.png,994,974,155,154,0.933748,0.0065975189208984,0.9986976385116576,good,1.0,27.679718311437,85.399990058615
677842244612224.jpg,677842244612224_3.png,crops/677842244612224_3.png,971,395,103,83,0.907948,0.0024989446004231,0.9911224842071532,good,1.0,27.679718311437,85.399990058615
677842244612224.jpg,677842244612224_4.png,crops/677842244612224_4.png,958,276,93,68,0.840336,0.0018011728922526,0.9992921352386476,good,1.0,27.679718311437,85.399990058615
677842244612224.jpg,677842244612224_5.png,crops/677842244612224_5.png,1024,1303,182,228,0.802527,0.011418342590332,0.781748354434967,good,1.0,27.679718311437,85.399990058615
677842244612224.jpg,677842244612224_6.png,crops/677842244612224_6.png,954,183,83,55,0.597323,0.0012839635213216,0.9967987537384032,good,1.0,27.679718311437,85.399990058615
682295677825521.jpg,682295677825521_0.png,crops/682295677825521_0.png,1034,922,90,117,0.91597,0.0029239654541015,0.9995092153549194,good,1.0,27.680038687851,85.398606957314
682295677825521.jpg,682295677825521_1.png,crops/682295677825521_1.png,1023,732,85,101,0.889483,0.0022885004679361,0.9998875856399536,good,1.0,27.680038687851,85.398606957314
682295677825521.jpg,682295677825521_2.png,crops/682295677825521_2.png,1042,428,76,79,0.581577,0.0015449523925781,0.999173104763031,good,1.0,27.680038687851,85.398606957314
682295677825521.jpg,682295677825521_3.png,crops/682295677825521_3.png,1036,1134,97,134,0.321304,0.0028041203816731,0.9533637762069702,good,1.0,27.680038687851,85.398606957314
682295677825521.jpg,682295677825521_4.png,crops/682295677825521_4.png,1035,316,72,72,0.271906,0.0013647079467773,0.9974104762077332,good,1.0,27.680038687851,85.398606957314
682295677825521.jpg,682295677825521_5.png,crops/682295677825521_5.png,1041,565,82,92,0.257631,0.0018301010131835,0.9999547004699708,good,1.0,27.680038687851,85.398606957314
9443181895789054.jpg,9443181895789054_0.png,crops/9443181895789054_0.png,1052,245,132,235,0.936428,0.0070260365804036,0.9995675683021544,good,1.0,27.67314753806,85.41167346973
9443181895789054.jpg,9443181895789054_1.png,crops/9443181895789054_1.png,998,0,118,167,0.375657,0.0045522054036458,0.9975228905677797,good,1.0,27.67314753806,85.41167346973
9489668311121272.jpg,9489668311121272_0.png,crops/9489668311121272_0.png,1127,650,109,105,0.958705,0.0031483968098958,0.9992445707321168,good,1.0,27.673490250493,85.410959573514
9489668311121272.jpg,9489668311121272_1.png,crops/9489668311121272_1.png,1079,1095,138,179,0.913987,0.0065520604451497,0.9970991611480712,good,1.0,27.673490250493,85.410959573514
9489668311121272.jpg,9489668311121272_2.png,crops/9489668311121272_2.png,1151,370,104,85,0.912202,0.0022363662719726,0.999881625175476,good,1.0,27.673490250493,85.410959573514
9489668311121272.jpg,9489668311121272_3.png,crops/9489668311121272_3.png,1193,156,86,70,0.820962,0.0015417734781901,0.9998210072517396,good,1.0,27.673490250493,85.410959573514
954494380100459.jpg,954494380100459_0.png,crops/954494380100459_0.png,1119,875,98,103,0.908881,0.0025501251220703,0.9992560744285583,good,1.0,27.67364740961,85.410639860738
954494380100459.jpg,954494380100459_1.png,crops/954494380100459_1.png,1170,570,91,93,0.893464,0.002120018005371,0.9997665286064148,good,1.0,27.67364740961,85.410639860738
954494380100459.jpg,954494380100459_2.png,crops/954494380100459_2.png,1014,1275,113,127,0.864304,0.0034961700439453,0.99932062625885,good,1.0,27.67364740961,85.410639860738
954494380100459.jpg,954494380100459_3.png,crops/954494380100459_3.png,1194,333,84,85,0.735226,0.0018126169840494,0.9990355968475342,good,1.0,27.67364740961,85.410639860738
975230138111369.jpg,975230138111369_0.png,crops/975230138111369_0.png,869,493,171,134,0.945789,0.005832036336263,0.9987447261810304,good,1.0,27.671339576758,85.4202195839
975230138111369.jpg,975230138111369_1.png,crops/975230138111369_1.png,979,171,112,58,0.85009,0.001683235168457,0.9993079900741576,good,1.0,27.671339576758,85.4202195839
991249872984441.jpg,991249872984441_0.png,crops/991249872984441_0.png,732,914,168,114,0.980057,0.0044533411661783,0.9962360262870787,good,1.0,27.680333481604,85.397303880675
991249872984441.jpg,991249872984441_1.png,crops/991249872984441_1.png,814,688,121,73,0.95057,0.0023733774820963,0.9997158646583556,good,1.0,27.680333481604,85.397303880675
991249872984441.jpg,991249872984441_2.png,crops/991249872984441_2.png,868,520,104,60,0.83947,0.0016822814941406,0.9947673082351683,good,1.0,27.680333481604,85.397303880675
991249872984441.jpg,991249872984441_3.png,crops/991249872984441_3.png,589,1271,222,187,0.838296,0.0091333389282226,0.9877304434776306,good,1.0,27.680333481604,85.397303880675
991249872984441.jpg,991249872984441_4.png,crops/991249872984441_4.png,898,403,100,48,0.405101,0.001100222269694,0.996455192565918,good,1.0,27.680333481604,85.397303880675
991249872984441.jpg,991249872984441_5.png,crops/991249872984441_5.png,931,316,79,36,0.32983,0.0007457733154296,0.9961432814598083,good,1.0,27.680333481604,85.397303880675
10055726217791150.jpg,NONE,crops/10055726217791150_missing_0.png,1429,404,128,128,0.9,0.0,0.9905230402946472,missing,0.0,27.671335724614,85.419804831845
10055726217791150.jpg,NONE,crops/10055726217791150_missing_1.png,1889,106,128,128,0.9,0.0,0.9858769178390504,missing,0.0,27.671335724614,85.419804831845
10055726217791150.jpg,NONE,crops/10055726217791150_missing_2.png,597,1274,128,128,0.9,0.0,0.9525995850563048,missing,0.0,27.671335724614,85.419804831845
1030154205703040.jpg,NONE,crops/1030154205703040_missing_0.png,1226,736,128,128,0.9,0.0,0.9881569743156432,missing,0.0,27.678149584418,85.40697477967
1030154205703040.jpg,NONE,crops/1030154205703040_missing_1.png,1499,434,128,128,0.9,0.0,0.9906271696090698,missing,0.0,27.678149584418,85.40697477967
1030154205703040.jpg,NONE,crops/1030154205703040_missing_2.png,1363,423,128,128,0.9,0.0,0.9904701709747314,missing,0.0,27.678149584418,85.40697477967
1032781652058721.jpg,NONE,crops/1032781652058721_missing_0.png,1833,125,128,128,0.9,0.0,0.997270405292511,missing,0.0,27.67185400933,85.414240820813
1032781652058721.jpg,NONE,crops/1032781652058721_missing_1.png,1002,1093,128,128,0.9,0.0,0.9826149940490724,missing,0.0,27.67185400933,85.414240820813
1032781652058721.jpg,NONE,crops/1032781652058721_missing_2.png,794,1401,128,128,0.9,0.0,0.985990047454834,missing,0.0,27.67185400933,85.414240820813
1041048291205081.jpg,NONE,crops/1041048291205081_missing_0.png,10,1028,128,128,0.9,0.0,0.888155460357666,missing,0.0,27.677246916387,85.407958096323
1041048291205081.jpg,NONE,crops/1041048291205081_missing_1.png,1101,1086,128,128,0.9,0.0,0.9789517521858216,missing,0.0,27.677246916387,85.407958096323
1041048291205081.jpg,NONE,crops/1041048291205081_missing_2.png,973,590,128,128,0.9,0.0,0.915343701839447,missing,0.0,27.677246916387,85.407958096323
1179330957252734.jpg,NONE,crops/1179330957252734_missing_0.png,258,298,128,128,0.9,0.0,0.9945304989814758,missing,0.0,27.675577436919,85.408965065088
1179330957252734.jpg,NONE,crops/1179330957252734_missing_1.png,1602,724,128,128,0.9,0.0,0.9894646406173706,missing,0.0,27.675577436919,85.408965065088
1179330957252734.jpg,NONE,crops/1179330957252734_missing_2.png,1039,1207,128,128,0.9,0.0,0.9881382584571838,missing,0.0,27.675577436919,85.408965065088
1186661719589351.jpg,NONE,crops/1186661719589351_missing_0.png,768,518,128,128,0.9,0.0,0.9948451519012452,missing,0.0,27.67689181895,85.408183316925
1186661719589351.jpg,NONE,crops/1186661719589351_missing_1.png,444,724,128,128,0.9,0.0,0.9909934401512146,missing,0.0,27.67689181895,85.408183316925
1186661719589351.jpg,NONE,crops/1186661719589351_missing_2.png,409,1144,128,128,0.9,0.0,0.9945374131202698,missing,0.0,27.67689181895,85.408183316925
1192138709286760.jpg,NONE,crops/1192138709286760_missing_0.png,431,210,128,128,0.9,0.0,0.9929850697517396,missing,0.0,27.671372073254,85.421185126227
1192138709286760.jpg,NONE,crops/1192138709286760_missing_1.png,1526,175,128,128,0.9,0.0,0.991200625896454,missing,0.0,27.671372073254,85.421185126227
1192138709286760.jpg,NONE,crops/1192138709286760_missing_2.png,183,508,128,128,0.9,0.0,0.9920979738235474,missing,0.0,27.671372073254,85.421185126227
1226998415454211.jpg,NONE,crops/1226998415454211_missing_0.png,1192,682,128,128,0.9,0.0,0.982512354850769,missing,0.0,27.674789643265,85.409455404225
1226998415454211.jpg,NONE,crops/1226998415454211_missing_1.png,169,977,128,128,0.9,0.0,0.9906349778175354,missing,0.0,27.674789643265,85.409455404225
1226998415454211.jpg,NONE,crops/1226998415454211_missing_2.png,219,512,128,128,0.9,0.0,0.9896939396858216,missing,0.0,27.674789643265,85.409455404225
1318779679355427.jpg,NONE,crops/1318779679355427_missing_0.png,1021,828,128,128,0.9,0.0,0.994617760181427,missing,0.0,27.675621166256,85.408934881729
1318779679355427.jpg,NONE,crops/1318779679355427_missing_1.png,422,981,128,128,0.9,0.0,0.985169529914856,missing,0.0,27.675621166256,85.408934881729
1318779679355427.jpg,NONE,crops/1318779679355427_missing_2.png,1326,1255,128,128,0.9,0.0,0.950547993183136,missing,0.0,27.675621166256,85.408934881729
1340626747210052.jpg,NONE,crops/1340626747210052_missing_0.png,1133,788,128,128,0.9,0.0,0.9919847846031188,missing,0.0,27.678608181909,85.404856977782
1340626747210052.jpg,NONE,crops/1340626747210052_missing_1.png,1790,879,128,128,0.9,0.0,0.9917531609535216,missing,0.0,27.678608181909,85.404856977782
1340626747210052.jpg,NONE,crops/1340626747210052_missing_2.png,971,423,128,128,0.9,0.0,0.946801483631134,missing,0.0,27.678608181909,85.404856977782
1431703188193804.jpg,NONE,crops/1431703188193804_missing_0.png,1084,954,128,128,0.9,0.0,0.9875539541244508,missing,0.0,27.678112983676,85.407100840556
1431703188193804.jpg,NONE,crops/1431703188193804_missing_1.png,1397,613,128,128,0.9,0.0,0.9780046343803406,missing,0.0,27.678112983676,85.407100840556
1431703188193804.jpg,NONE,crops/1431703188193804_missing_2.png,1629,1284,128,128,0.9,0.0,0.9842677712440492,missing,0.0,27.678112983676,85.407100840556
1554603221886241.jpg,NONE,crops/1554603221886241_missing_0.png,770,491,128,128,0.9,0.0,0.9909974336624146,missing,0.0,27.676826833363,85.408226257835
1554603221886241.jpg,NONE,crops/1554603221886241_missing_1.png,1777,983,128,128,0.9,0.0,0.9846922159194946,missing,0.0,27.676826833363,85.408226257835
1554603221886241.jpg,NONE,crops/1554603221886241_missing_2.png,124,279,128,128,0.9,0.0,0.9876335859298706,missing,0.0,27.676826833363,85.408226257835
1642670793034478.jpg,NONE,crops/1642670793034478_missing_0.png,285,593,128,128,0.9,0.0,0.9924829602241516,missing,0.0,27.674682628258,85.409504791612
1642670793034478.jpg,NONE,crops/1642670793034478_missing_1.png,1188,677,128,128,0.9,0.0,0.9909732341766356,missing,0.0,27.674682628258,85.409504791612
1642670793034478.jpg,NONE,crops/1642670793034478_missing_2.png,355,836,128,128,0.9,0.0,0.9887734055519104,missing,0.0,27.674682628258,85.409504791612
1737416363871481.jpg,NONE,crops/1737416363871481_missing_0.png,1110,92,128,128,0.9,0.0,0.990454077720642,missing,0.0,27.677439755636,85.407833696867
1737416363871481.jpg,NONE,crops/1737416363871481_missing_1.png,617,796,128,128,0.9,0.0,0.989329993724823,missing,0.0,27.677439755636,85.407833696867
1737416363871481.jpg,NONE,crops/1737416363871481_missing_2.png,424,531,128,128,0.9,0.0,0.9965481162071228,missing,0.0,27.677439755636,85.407833696867
1744407946483178.jpg,NONE,crops/1744407946483178_missing_0.png,109,967,128,128,0.9,0.0,0.9950379729270936,missing,0.0,27.675994450771,85.408726065693
1744407946483178.jpg,NONE,crops/1744407946483178_missing_1.png,812,740,128,128,0.9,0.0,0.9888926148414612,missing,0.0,27.675994450771,85.408726065693
1744407946483178.jpg,NONE,crops/1744407946483178_missing_2.png,1339,1030,128,128,0.9,0.0,0.9828975796699524,missing,0.0,27.675994450771,85.408726065693
1747500402777430.jpg,NONE,crops/1747500402777430_missing_0.png,70,144,128,128,0.9,0.0,0.9922244548797609,missing,0.0,27.676045464512,85.408696383741
1747500402777430.jpg,NONE,crops/1747500402777430_missing_1.png,1678,525,128,128,0.9,0.0,0.989417850971222,missing,0.0,27.676045464512,85.408696383741
1747500402777430.jpg,NONE,crops/1747500402777430_missing_2.png,1770,1359,128,128,0.9,0.0,0.9901446104049684,missing,0.0,27.676045464512,85.408696383741
1784127765854962.jpg,NONE,crops/1784127765854962_missing_0.png,1048,374,128,128,0.9,0.0,0.99440336227417,missing,0.0,27.67526386779,85.4091601941
1784127765854962.jpg,NONE,crops/1784127765854962_missing_1.png,695,555,128,128,0.9,0.0,0.9957162737846376,missing,0.0,27.67526386779,85.4091601941
1784127765854962.jpg,NONE,crops/1784127765854962_missing_2.png,1147,1092,128,128,0.9,0.0,0.9874605536460876,missing,0.0,27.67526386779,85.4091601941
1787746655288333.jpg,NONE,crops/1787746655288333_missing_0.png,114,1217,128,128,0.9,0.0,0.987984538078308,missing,0.0,27.675898808221,85.408771933935
1787746655288333.jpg,NONE,crops/1787746655288333_missing_1.png,1556,656,128,128,0.9,0.0,0.979573369026184,missing,0.0,27.675898808221,85.408771933935
1787746655288333.jpg,NONE,crops/1787746655288333_missing_2.png,1475,1094,128,128,0.9,0.0,0.9496934413909912,missing,0.0,27.675898808221,85.408771933935
1795304764659609.jpg,NONE,crops/1795304764659609_missing_0.png,755,876,128,128,0.9,0.0,0.9748991131782532,missing,0.0,27.676690591795,85.408314197353
1795304764659609.jpg,NONE,crops/1795304764659609_missing_1.png,1158,1366,128,128,0.9,0.0,0.9796100854873656,missing,0.0,27.676690591795,85.408314197353
1795304764659609.jpg,NONE,crops/1795304764659609_missing_2.png,316,1250,128,128,0.9,0.0,0.9653734564781188,missing,0.0,27.676690591795,85.408314197353
1842143616623841.jpg,NONE,crops/1842143616623841_missing_0.png,36,1298,128,128,0.9,0.0,0.967605471611023,missing,0.0,27.676203720372,85.408605321438
1842143616623841.jpg,NONE,crops/1842143616623841_missing_1.png,722,520,128,128,0.9,0.0,0.992283046245575,missing,0.0,27.676203720372,85.408605321438
1842143616623841.jpg,NONE,crops/1842143616623841_missing_2.png,1414,254,128,128,0.9,0.0,0.9960404634475708,missing,0.0,27.676203720372,85.408605321438
2066255493881687.jpg,NONE,crops/2066255493881687_missing_0.png,598,443,128,128,0.9,0.0,0.9855167269706726,missing,0.0,27.678911896567,85.403467726391
2066255493881687.jpg,NONE,crops/2066255493881687_missing_1.png,1450,536,128,128,0.9,0.0,0.974068522453308,missing,0.0,27.678911896567,85.403467726391
2066255493881687.jpg,NONE,crops/2066255493881687_missing_2.png,739,291,128,128,0.9,0.0,0.9765467643737792,missing,0.0,27.678911896567,85.403467726391
2087552525026812.jpg,NONE,crops/2087552525026812_missing_0.png,1919,252,128,128,0.9,0.0,0.99285089969635,missing,0.0,27.674351629887,85.409649902701
2087552525026812.jpg,NONE,crops/2087552525026812_missing_1.png,1793,844,128,128,0.9,0.0,0.997481644153595,missing,0.0,27.674351629887,85.409649902701
2087552525026812.jpg,NONE,crops/2087552525026812_missing_2.png,857,969,128,128,0.9,0.0,0.9885501265525818,missing,0.0,27.674351629887,85.409649902701
3811530275824306.jpg,NONE,crops/3811530275824306_missing_0.png,758,947,128,128,0.9,0.0,0.989376425743103,missing,0.0,27.678879598193,85.403617969757
3811530275824306.jpg,NONE,crops/3811530275824306_missing_1.png,609,878,128,128,0.9,0.0,0.976715624332428,missing,0.0,27.678879598193,85.403617969757
3811530275824306.jpg,NONE,crops/3811530275824306_missing_2.png,316,109,128,128,0.9,0.0,0.9860553741455078,missing,0.0,27.678879598193,85.403617969757
4068127483423888.jpg,NONE,crops/4068127483423888_missing_0.png,1265,515,128,128,0.9,0.0,0.974700391292572,missing,0.0,27.680117235616,85.398292250238
4068127483423888.jpg,NONE,crops/4068127483423888_missing_1.png,1586,133,128,128,0.9,0.0,0.9954659938812256,missing,0.0,27.680117235616,85.398292250238
4068127483423888.jpg,NONE,crops/4068127483423888_missing_2.png,1219,1134,128,128,0.9,0.0,0.9922699928283693,missing,0.0,27.680117235616,85.398292250238
530409233441180.jpg,NONE,crops/530409233441180_missing_0.png,145,761,128,128,0.9,0.0,0.9945833086967468,missing,0.0,27.674629138235,85.409531542186
530409233441180.jpg,NONE,crops/530409233441180_missing_1.png,1678,878,128,128,0.9,0.0,0.989686906337738,missing,0.0,27.674629138235,85.409531542186
530409233441180.jpg,NONE,crops/530409233441180_missing_2.png,627,883,128,128,0.9,0.0,0.9880091547966005,missing,0.0,27.674629138235,85.409531542186
637806639170306.jpg,NONE,crops/637806639170306_missing_0.png,316,819,128,128,0.9,0.0,0.987260103225708,missing,0.0,27.67132903852,85.420417845541
637806639170306.jpg,NONE,crops/637806639170306_missing_1.png,1132,1223,128,128,0.9,0.0,0.9904590845108032,missing,0.0,27.67132903852,85.420417845541
637806639170306.jpg,NONE,crops/637806639170306_missing_2.png,448,1160,128,128,0.9,0.0,0.989812672138214,missing,0.0,27.67132903852,85.420417845541
660735816641103.jpg,NONE,crops/660735816641103_missing_0.png,922,639,128,128,0.9,0.0,0.9711360335350036,missing,0.0,27.675439170721,85.409063066117
660735816641103.jpg,NONE,crops/660735816641103_missing_1.png,1116,147,128,128,0.9,0.0,0.9939007759094238,missing,0.0,27.675439170721,85.409063066117
660735816641103.jpg,NONE,crops/660735816641103_missing_2.png,140,469,128,128,0.9,0.0,0.994677186012268,missing,0.0,27.675439170721,85.409063066117
691588626876241.jpg,NONE,crops/691588626876241_missing_0.png,93,854,128,128,0.9,0.0,0.974368453025818,missing,0.0,27.671333631918,85.420359149978
691588626876241.jpg,NONE,crops/691588626876241_missing_1.png,987,786,128,128,0.9,0.0,0.970899224281311,missing,0.0,27.671333631918,85.420359149978
691588626876241.jpg,NONE,crops/691588626876241_missing_2.png,172,578,128,128,0.9,0.0,0.9977858066558838,missing,0.0,27.671333631918,85.420359149978
9497332713695456.jpg,NONE,crops/9497332713695456_missing_0.png,372,881,128,128,0.9,0.0,0.993147313594818,missing,0.0,27.671359737213,85.421008617526
9497332713695456.jpg,NONE,crops/9497332713695456_missing_1.png,1859,118,128,128,0.9,0.0,0.9826425313949584,missing,0.0,27.671359737213,85.421008617526
9497332713695456.jpg,NONE,crops/9497332713695456_missing_2.png,1500,1314,128,128,0.9,0.0,0.9882051944732666,missing,0.0,27.671359737213,85.421008617526
9560872854027630.jpg,NONE,crops/9560872854027630_missing_0.png,1118,860,128,128,0.9,0.0,0.9940963983535768,missing,0.0,27.676950868098,85.408144688892
9560872854027630.jpg,NONE,crops/9560872854027630_missing_1.png,1845,1157,128,128,0.9,0.0,0.9703695774078368,missing,0.0,27.676950868098,85.408144688892
9560872854027630.jpg,NONE,crops/9560872854027630_missing_2.png,497,684,128,128,0.9,0.0,0.9858231544494628,missing,0.0,27.676950868098,85.408144688892
9644963745526354.jpg,NONE,crops/9644963745526354_missing_0.png,1267,485,128,128,0.9,0.0,0.9976680874824524,missing,0.0,27.674162018464,85.409759519304
9644963745526354.jpg,NONE,crops/9644963745526354_missing_1.png,769,64,128,128,0.9,0.0,0.9943696856498718,missing,0.0,27.674162018464,85.409759519304
9644963745526354.jpg,NONE,crops/9644963745526354_missing_2.png,1832,1010,128,128,0.9,0.0,0.9865452647209167,missing,0.0,27.674162018464,85.409759519304
996878105349525.jpg,NONE,crops/996878105349525_missing_0.png,1687,1266,128,128,0.9,0.0,0.975507915019989,missing,0.0,27.674528339167,85.409582645599
996878105349525.jpg,NONE,crops/996878105349525_missing_1.png,541,227,128,128,0.9,0.0,0.991715133190155,missing,0.0,27.674528339167,85.409582645599
996878105349525.jpg,NONE,crops/996878105349525_missing_2.png,1190,1273,128,128,0.9,0.0,0.9973067045211792,missing,0.0,27.674528339167,85.409582645599
